productid,product name,product supplier,price,quantity,category
TRIM9BSUI2,Balenciaga Track Mid,Balenciaga,971.38,633,Clothing
PD831TRXTO,Bose QuietComfort 35 II,Bose,453.85,518,Electronics
NFCVR218E8,Chromebook C202,Google,118.57,531,Electronics
EB3MA8VUQ3,Pixel XL,Google,336.5,462,Electronics
M0CBMU2EY3,Gucci Monogram GG Supreme Interlocking G,Gucci,251.4,154,Clothing
HNA0PPJ87L,HP ProBook 640,HP,663.73,375,Electronics
YYCBQ7U2MS,Adidas Ultraboost X All Terrain Primeknit,Adidas,751.6,191,Clothing
86WHVY8F53,Bose QuietComfort 35,Bose,584.62,335,Electronics
X2ILWK5UM8,Tommy Hilfiger Kids' Logo Sweater,Tommy Hilfiger,906.47,280,Clothing
NUJF241DX1,Barq's,Coca Cola,295.63,690,Food
YST4A4DB5B,Nike Air Max 720 G,Nike,383.79,56,Clothing
SALYOWWY0F,Alienware Aurora R9,Alienware,653.28,492,Electronics
DXBWSM2VUE,Galaxy Note 20,Samsung,228.24,72,Electronics
B31YDJCVVU,Nike Air Max Tailwind 7,Nike,841.22,418,Clothing
WD3Z4X7ZVP,"MacBook Pro (16-inch, 2022)",Apple,149.28,31,Electronics
8YL8P5JXSP,Schweppes Cherry Juice,Coca Cola,759.02,235,Food
T3XG3L98SC,Sony PlayStation Video,Sony,890.7,100,Electronics
S69UXS0H3K,Bose QuietComfort 35 II,Bose,441.92,99,Electronics
F3HJPYQH29,Nike Air Max Tailwind 5,Nike,912.69,214,Clothing
L6VAI7NKNG,Gucci Monogram,Gucci,205.42,596,Clothing
1EFH28GDDI,Gucci Monogram Embroidered,Gucci,497.19,465,Clothing
6GCOUVHC4S,Tommy Hilfiger Women's Logo Joggers,Tommy Hilfiger,609.05,491,Clothing
O23LCYQJZP,Transformer Book T100TA,Asus,290.07,65,Electronics
Y7UY2OTIZZ,AirPods with Charging Case,Apple,923.9,229,Electronics
QIEEIDR2O7,Schweppes Blackcurrant Juice,Coca Cola,693.83,618,Food
TSOIV8PZMR,Prada suitcase,Prada,762.32,269,Clothing
L7R2PLUMUE,Galaxy Note 9,Samsung,368.0,314,Electronics
SN5BJC5H42,Sony PlayStation Now,Sony,851.63,667,Electronics
HXO2ACEPR9,AirPods Pro with Charging Case (2nd generation),Apple,649.04,257,Electronics
3VK1N290W6,Infinix Hot 4 Pro,Infinix,201.67,5,Electronics
5UIW1E46I0,Barq's Diet Root Beer,Coca Cola,778.79,315,Food
NCNR7AHGKK,Gucci GG Supreme BloomsGucci Tiger Head,Gucci,200.81,391,Clothing
B0LIEGM2ED,Sony PlayStation 4 Pro with HDR,Sony,572.72,466,Electronics
75DMAG29PL,Pixel 2,Google,290.51,272,Electronics
OX8WDC1NQ4,HP ZDesktop,HP,247.19,22,Electronics
926QCGQ9J6,Adidas Ultraboost X Parley Carbon,Adidas,119.45,150,Clothing
1HEJYCAOBF,AirPods Pro with Wireless Charging Case (2nd generation),Apple,403.02,598,Electronics
UDVA2ZC6ON,Sony PlayStation 4 Slim with HDR,Sony,294.56,639,Electronics
B79DPD1O8Q,Tecno Phantom 7,Tecno,961.38,235,Electronics
VQAXCA74IO,iPhone 12 Mini,Apple,185.7,555,Electronics
G6X2X5XY7T,Rolex Submariner Ceramic,Rolex,977.56,51,Clothing
7Q44IP60VJ,Prada top,Prada,220.82,459,Clothing
EQRDGEJO0G,Sony PlayStation 4 with 4K and HDR,Sony,276.79,88,Electronics
ICFRCVHNJI,Balenciaga Race Runner 3,Balenciaga,518.87,208,Clothing
36SNBYLZMP,Chromebook Flip,Google,268.94,338,Electronics
03YB8ZWJYM,Coca-Cola with Lime,Coca Cola,895.13,14,Food
923LRH82M0,Adidas Ultraboost X 4D Carbon,Adidas,857.95,60,Clothing
ZU2ZH4762G,Prada mitten,Prada,511.41,12,Clothing
CKEGCY8WUN,Prada shoulder bag,Prada,622.55,541,Clothing
NRPE2NKMAV,Transformer Pad TF300,Asus,785.9,656,Electronics
YNMXTJL3X1,Prada eyewear,Prada,928.98,636,Clothing
C9QL8VRJQP,ZenFone 3 Ultra,Asus,745.6,442,Electronics
5P7T6GXJR3,Nike Air Max Tailwind 4,Nike,161.73,177,Clothing
3NY1KTCMRL,iPhone 11 Pro,Apple,616.79,21,Electronics
E6U6ZNKVY1,Galaxy Tab S7,Samsung,409.33,127,Electronics
4VQCH4A45A,AirPods Pro with Charging Case (2nd generation),Apple,792.4,23,Electronics
7FGE5621WC,HP ProBook 440,HP,557.7,177,Electronics
79KMB1HRO4,Microsoft HoloLens,Microsoft,762.3,155,Electronics
0K0X1O46IC,Fanta Blue Raspberry,Coca Cola,540.18,412,Food
FMCB3WO8CV,AirPods with Wireless Charging Case (2nd generation),Apple,260.31,250,Electronics
BAOISJB91X,Balenciaga Race Runner 2,Balenciaga,827.44,69,Clothing
X6T3ZXAMRK,MacBook (2016),Apple,974.11,595,Electronics
KZQITU8L6T,iPhone 11 Pro Max,Apple,829.97,373,Electronics
DQWTD39LVQ,Balenciaga Track Low 3,Balenciaga,284.41,277,Clothing
HYFCMM2GKH,ZenFone 5,Asus,726.16,600,Electronics
W26T0WPE6F,Alienware Graphics Amplifier R3,Alienware,232.52,326,Electronics
IPPA9B9MKQ,Infinix Hot 9,Infinix,659.81,570,Electronics
RMOLMKWVPQ,HP ZBook Gaming Create,HP,247.59,17,Electronics
0RHDTPWFRD,iPhone 5,Apple,817.53,608,Electronics
LTO41JAKKS,Gucci Monogram Embroidered,Gucci,599.95,640,Clothing
0QBC24BGGA,Prada heel,Prada,567.87,478,Clothing
EWH1RRFKZE,Barq's Root Beer,Coca Cola,669.0,12,Food
5TS81J17FI,Balenciaga Track Trainer 3,Balenciaga,168.98,686,Clothing
IBKDE643Q0,Balenciaga Race Runner 3,Balenciaga,251.84,461,Clothing
YMITIRCT5V,Infinix Zero 2,Infinix,224.87,698,Electronics
A1M6N0Y4S6,Fanta Pineapple,Coca Cola,780.99,187,Food
0HHI9BVL5B,Alienware Graphics Amplifier R2,Alienware,505.4,510,Electronics
A0213N8N54,Tecno Spark 3,Tecno,627.74,569,Electronics
3SDDV0RQIW,Rolex Oyster Perpetual Explorer,Rolex,246.26,441,Clothing
K7CJIMKHTK,Prada satchel,Prada,747.44,383,Clothing
M5XT077FV9,Transformer Pad TF300TG,Asus,242.9,371,Electronics
ZO8W7FD4MX,PadFone S,Asus,366.04,300,Electronics
FKHFB9IZ91,Barq's Root Beer,Coca Cola,435.55,632,Food
S0K9X07U4I,Rolex Oyster Perpetual Sea-Dweller,Rolex,415.33,405,Clothing
7Y4HV6Y5FS,Prada sweater,Prada,685.5,340,Clothing
2GH9L838VX,Schweppes Tomato Juice,Coca Cola,432.22,428,Food
P0WOV7OYYS,Tommy Hilfiger Men's Logo Hoodie,Tommy Hilfiger,674.92,16,Clothing
2F22G03MZ5,HP Envy x2,HP,885.18,285,Electronics
D61W78P6P8,Prada body mist,Prada,611.21,227,Clothing
BKHUNCLE5K,"MacBook Pro (15-inch, 2019)",Apple,923.58,86,Electronics
AXFVSEGPW2,AirPods (2nd generation),Apple,519.21,200,Electronics
U74PYJMEM4,Tecno Boom J3,Tecno,560.97,68,Electronics
787WW8W4AW,Microsoft Dynamics 365 Marketing,Microsoft,489.85,399,Electronics
Z6A99J305G,Prada mule,Prada,475.23,195,Clothing
7E9HMNERRJ,HP Stream Gaming,HP,637.48,447,Electronics
VE0O4UQDZX,Tecno Camon C7,Tecno,330.16,608,Electronics
4UNCL78LVE,Schweppes Lemonade,Coca Cola,406.92,607,Food
DMFF2NVNT6,Galaxy Tab S,Samsung,186.94,200,Electronics
IRS7QBBA26,"MacBook Pro (15-inch, 2009)",Apple,884.29,554,Electronics
9WQMCFJYE5,Gucci Horsebit,Gucci,927.42,7,Clothing
LSROJQUVF9,Prada crossbody bag,Prada,930.19,442,Clothing
9182W0YH4Q,Microsoft HoloLens,Microsoft,552.14,104,Electronics
RXVVFZ24VP,iPhone 5,Apple,422.58,383,Electronics
461DKJE7NJ,Schweppes Blueberry Juice,Coca Cola,353.82,0,Food
UUZBKAUY07,Alienware Aurora R8,Alienware,371.31,693,Electronics
5XURJXESIO,Nike Air Max Tailwind IV,Nike,630.91,651,Clothing
QW294EFWC6,Galaxy S21,Samsung,146.4,475,Electronics
W1UYC7119L,Barq's French Vanilla Creme Soda,Coca Cola,801.07,372,Food
FOS58C6CPL,Alienware Elite Gaming Mousepad,Alienware,700.84,390,Electronics
3T4I7N9360,Rolex Datejust 41,Rolex,429.15,34,Clothing
XKNOG5XTNR,iPhone 11,Apple,998.99,635,Electronics
IE59KGSU7Z,Galaxy Tab S5e,Samsung,263.6,117,Electronics
X7TVCR9CH6,AirPods Pro (2nd generation),Apple,769.4,41,Electronics
5W073FRI2P,Prada mitten,Prada,438.39,242,Clothing
2EPN63495L,"MacBook Pro (15-inch, 2020)",Apple,772.65,457,Electronics
CI2GTNMG6H,Microsoft Teams,Microsoft,564.27,172,Electronics
H7HDF5NHTO,Chromebook R11 CB5-132T,Google,958.5,189,Electronics
EH4YA2R43X,HP EliteBook Gaming,HP,257.33,389,Electronics
6T3ZF37KT4,Prada loafer,Prada,958.2,673,Clothing
GDITDNW27W,Tecno Boom J8,Tecno,919.81,28,Electronics
H6PX6S8IKI,HP Spectre Gaming,HP,447.05,149,Electronics
MXQWYRQ7OX,Nike Air Max 270 React W,Nike,150.78,533,Clothing
APC69KX822,Transformer Pad TF300T,Asus,956.79,689,Electronics
CIFPG7BMOJ,HP ProBook 660,HP,870.33,559,Electronics
HPQEEQIV3P,Alienware 17,Alienware,309.64,316,Electronics
S4PFT69IZB,iPhone 5s,Apple,941.89,330,Electronics
WQ2PTXT0HJ,Adidas Ultraboost Uncaged,Adidas,671.02,179,Clothing
EQO5FC3AQC,Adidas Ultraboost X Clima Chill,Adidas,398.58,661,Clothing
EKGSFWHV5P,Galaxy S22,Samsung,193.14,624,Electronics
DBPGYU7FBZ,Microsoft Xbox,Microsoft,757.09,687,Electronics
SU2UAJ19MF,HP ZBook,HP,533.59,571,Electronics
MFVU1VI9MT,Microsoft Dynamics 365,Microsoft,566.42,212,Electronics
65BOPLFTS6,Schweppes Blackcurrant Juice,Coca Cola,683.63,218,Food
P4MIOTHYTC,Prada heel,Prada,670.55,69,Clothing
GXPNYS19UR,Rolex Submariner Yellow Gold,Rolex,412.79,665,Clothing
WKLEQM07KN,Gucci Horsebit,Gucci,413.32,295,Clothing
IHMXG5S8C3,Rolex Oyster Perpetual Date,Rolex,242.85,443,Clothing
S1PTA38P0W,Tecno Camon CX,Tecno,688.18,457,Electronics
M0EFHX3NF4,Tecno Camon 15 Premier,Tecno,793.65,511,Electronics
WNDSHPJB7H,Tecno Camon 12,Tecno,757.08,688,Electronics
YVGJMI64ZC,Rolex Oyster Perpetual Sky-Dweller,Rolex,908.36,332,Clothing
NYC62K7CUL,Tecno Pouvoir 3 Plus,Tecno,894.28,574,Electronics
IHA77XI4AL,Tommy Hilfiger Kids' Logo Hoodie,Tommy Hilfiger,875.47,38,Clothing
YTCA4RGDAW,Adidas Ultraboost ST,Adidas,671.22,62,Clothing
VD8F445GDZ,Sony PlayStation Remote Play for Switch,Sony,348.21,174,Electronics
CJMN6275WV,Galaxy S20,Samsung,360.16,608,Electronics
GLEONR460J,Transformer Book T100TAN,Asus,350.95,56,Electronics
3ZUF9AIQUV,Sony PlayStation 4 with HDR,Sony,754.34,533,Electronics
JSAY42VJ0T,iPhone SE (2020),Apple,351.06,21,Electronics
4RAA496JB3,ZenFone 7 Pro,Asus,683.44,331,Electronics
OE4NYI1CF5,Transformer Pad TF701,Asus,242.83,183,Electronics
Y29M4LORF5,"MacBook Pro (15-inch, 2014)",Apple,766.59,556,Electronics
ZQ9UKNPK28,Alienware Alpha R3,Alienware,282.86,437,Electronics
NBRN8BLC39,Fanta Pineapple,Coca Cola,125.32,305,Food
PHVEYSL929,Prada mitten,Prada,547.33,6,Clothing
ORAQO1WKH1,Tecno Camon CX,Tecno,686.27,200,Electronics
OODIVWLD7J,Nike Air Max 720 G,Nike,708.18,358,Clothing
POE04QEGP6,Rolex Datejust 31mm,Rolex,978.48,204,Clothing
9TX10FB5OM,Bose QuietComfort 35 II Noise Cancelling Wireless Headphones,Bose,472.33,118,Electronics
6UZID8LY2V,MacBook (2008),Apple,771.12,311,Electronics
XYQM94IBCX,Pixel 3 XL,Google,418.88,165,Electronics
IN596QK1C8,Chromebook XE303C12,Google,612.82,284,Electronics
3X4Z7UPZD8,ZenFone 8,Asus,973.24,162,Electronics
S74KTC4XIQ,Tecno Pouvoir 3 Plus,Tecno,310.17,656,Electronics
WD9A6GNENJ,Bose QuietComfort 35 II Noise Cancelling Headphones,Bose,239.39,63,Electronics
DSKB438A8A,HP ProBook x360,HP,614.99,486,Electronics
NW1I2OVY2L,Tecno Boom J8,Tecno,952.26,336,Electronics
16KL8RWTRQ,Balenciaga Track Field 2,Balenciaga,389.5,77,Clothing
M8AKZYQY28,Rolex Oyster Perpetual,Rolex,659.05,536,Clothing
454M0Q9U48,Schweppes Bitter Lemon,Coca Cola,376.18,44,Food
JQ7QZ7Q6SY,Chromebook XE501C13,Google,750.48,350,Electronics
N04MUX0BDT,Tecno Camon C7,Tecno,286.89,359,Electronics
LLXZJECGJR,Infinix Zero 3,Infinix,778.85,33,Electronics
4MHB8MADEV,Gucci Monogram GG Supreme Jacquard,Gucci,451.22,427,Clothing
VNPIJSUUHI,HP ZBook Gaming Fury,HP,742.24,520,Electronics
UFPNVM1KDI,Galaxy Z Fold 2,Samsung,704.19,383,Electronics
LIRPO3GXGG,AirPods with Charging Case (1st generation),Apple,233.72,59,Electronics
NFFHXS7WTL,Galaxy Tab S2,Samsung,479.03,359,Electronics
OEBE9ND9P6,Fanta Orange,Coca Cola,111.3,165,Food
JW7SKF1UDJ,Sony PlayStation 4 Pro,Sony,511.17,23,Electronics
UXL2M8Y7BG,Pixel 2,Google,628.27,111,Electronics
ARZLVQ0E8Y,Sony PlayStation 4 Slim with HDR,Sony,810.06,1,Electronics
SBIUVOR80A,ZenFone 7,Asus,154.25,519,Electronics
AT0TQ1L5Z9,Nike Air Max Tailwind 9,Nike,420.45,474,Clothing
6A5ONPN7UL,HP Omen x2,HP,269.1,291,Electronics
LQQCENMOQA,Gucci Monogram,Gucci,474.9,204,Clothing
9WVC10VGYR,ZenFone,Asus,252.21,134,Electronics
T89EHFJJ17,Transformer Pad TF300TG,Asus,108.94,638,Electronics
QX52D2XU8K,Alienware Alpha R3,Alienware,106.04,274,Electronics
9QN36HR2VR,Sony PlayStation 4 Slim with 4K,Sony,185.61,133,Electronics
0JSS1BLO5G,"MacBook Pro (13-inch, 2015)",Apple,457.79,561,Electronics
LTSPCO47W9,Bose QuietComfort 35 II Noise Cancelling Wireless Bluetooth Headset,Bose,811.07,132,Electronics
AFNLND04HZ,Nike Air Max 90,Nike,392.37,661,Clothing
O8A5J47BNY,Adidas Ultraboost X 3D Tech,Adidas,946.47,299,Clothing
U76LEIJMRR,"MacBook Pro (15-inch, 2021)",Apple,525.71,435,Electronics
72VCXOT6P8,Gucci Jackie O,Gucci,771.1,621,Clothing
FQE0V27BLZ,Sony PlayStation 5 with SSD and Ultra HD Blu-ray and 4K,Sony,794.18,435,Electronics
UZWHBKIIXD,Coca-Cola,Coca Cola,944.32,465,Food
EVW6OB0FBF,Bose QuietComfort 35 II Noise Cancelling Wireless Bluetooth Headset,Bose,280.93,480,Electronics
DDDSAI3QOQ,Balenciaga Track Trainer,Balenciaga,659.86,339,Clothing
A19J2E1C9Q,Galaxy S7 Edge,Samsung,377.71,171,Electronics
A6VJGQGLX6,Coca-Cola Life,Coca Cola,889.77,486,Food
U2OTT9L0H5,"MacBook Pro (15-inch, 2019)",Apple,886.74,623,Electronics
ZD1RBG7CHH,Infinix Hot 4 Pro,Infinix,815.7,96,Electronics
IZ1KIYIK9O,Pixel 4a (5G),Google,337.21,125,Electronics
P3ZASLHPU1,Transformer Pad Infinity TF700T,Asus,573.72,166,Electronics
JE16JDK0K0,Infinix Note 7,Infinix,594.76,289,Electronics
IIGNGIZ46A,MacBook (2018),Apple,481.21,298,Electronics
92H8OP9EV3,Bose QuietComfort 35 II Noise Cancelling Bluetooth Earbuds,Bose,342.45,633,Electronics
T3E0YGBKIF,Galaxy S9,Samsung,474.34,144,Electronics
6UFQZUG02N,Nike Air Max 200,Nike,437.41,500,Clothing
IABIXMUIW7,Infinix Smart 3 Plus,Infinix,182.68,3,Electronics
6YMZB7T9DK,Balenciaga Track Jacket,Balenciaga,665.14,642,Clothing
ZI0MT1F9CC,HP ProBook Gaming 430,HP,309.2,666,Electronics
PDZJMSRKKR,Transformer Book T100,Asus,999.89,408,Electronics
U4LV29O6EL,Tecno Camon C3,Tecno,748.45,122,Electronics
XS8NF3Y4UB,Pixel 4 XL,Google,392.9,113,Electronics
YSSFJ83XQE,Nexus One,Google,319.49,124,Electronics
CFMRW4HRVO,Gucci Monogram Embroidered,Gucci,751.73,69,Clothing
Q8TJCQ168E,Pixel 3a XL,Google,916.37,180,Electronics
4N0KDAULDN,Galaxy Note 20 Ultra,Samsung,119.73,527,Electronics
6SJN194S7P,Adidas Ultraboost 19,Adidas,575.88,136,Clothing
N8K86LJTYI,Sony PlayStation 5 with 4K and HDR,Sony,206.43,494,Electronics
RZQLGRVSCQ,Prada luggage,Prada,489.62,426,Clothing
LH655ZBEWH,Microsoft Word,Microsoft,152.25,582,Electronics
PBW25C1HJ3,Alienware Alpha ASM100,Alienware,849.27,284,Electronics
YE9XLMXRJ4,Alienware Alpha R3,Alienware,661.39,304,Electronics
EYMSETV5O7,AirPods Pro with Wireless Charging Case (1st generation),Apple,993.77,387,Electronics
E8NMTKBQAA,Infinix Smart 5,Infinix,461.76,145,Electronics
V7ZY38964Q,Adidas Ultraboost,Adidas,886.77,578,Clothing
1DJK2SWDPA,Rolex Oyster Perpetual Milgauss,Rolex,908.1,422,Clothing
2EPOBMU301,Nike Air Max Tailwind 8,Nike,366.94,185,Clothing
QI31CXANIC,Rolex Submariner Steel,Rolex,566.36,110,Clothing
BSP5ZNS5Q6,Alienware Pro Gaming Mouse,Alienware,169.53,514,Electronics
SJOEUVKP0G,HP Omen Gaming,HP,887.4,277,Electronics
ZF5HNRNOIS,"MacBook Pro (13-inch, M1, 2020)",Apple,313.99,111,Electronics
I8ZW8BS5ZB,Prada lingerie,Prada,716.98,520,Clothing
XRZ4RRJ9X0,AirPods Max with Smart Case,Apple,333.95,161,Electronics
8QREXARCBC,Nike Air Max Tailwind 5,Nike,674.15,12,Clothing
UX71WQ8VCN,Tecno Camon C7,Tecno,436.78,120,Electronics
UL1NO7DACI,AirPods Max (1st generation),Apple,155.13,274,Electronics
NW0QJU7TEW,Microsoft Dynamics 365 Finance and Operations,Microsoft,270.2,338,Electronics
UH81VEBKEL,ZenFone,Asus,155.5,131,Electronics
6V9OZ0JDWA,Alienware m15,Alienware,197.43,678,Electronics
NH6J705PSI,Transformer Book Flip TP550LJ,Asus,479.12,76,Electronics
D598XV0RWT,Prada shoulder bag,Prada,174.57,547,Clothing
0ZO9Y046SP,Fanta,Coca Cola,892.08,163,Food
XHJGWW3UPE,HP ZBook Studio,HP,352.29,583,Electronics
G6PNW8KT5M,Microsoft Xbox,Microsoft,486.25,391,Electronics
6G5Q777FAS,iPhone 14,Apple,895.73,237,Electronics
RCGKJUSRFQ,Gucci Jackie O,Gucci,872.89,673,Clothing
3DVUJKD2UA,Balenciaga Track Jacket 4,Balenciaga,310.2,558,Clothing
1SOAVABKWU,Nike Air Max 90 Ultra 2.0 SE,Nike,500.8,262,Clothing
3UJJP3VKRQ,Schweppes Russian Wildberry,Coca Cola,600.63,218,Food
J7GVA3HVVI,HP Pavilion Desktop,HP,371.39,614,Electronics
E7R6ZFHLBF,Adidas Ultraboost X Clima Primeknit,Adidas,468.47,92,Clothing
T9LGTQFW6C,Galaxy Tab S,Samsung,845.31,451,Electronics
HX2S2FOEZ8,Chromebook R11 CB5-132T,Google,306.0,259,Electronics
HV006K2P28,Infinix Smart 2,Infinix,831.56,300,Electronics
JY9PC9NGGW,ZenFone 4,Asus,257.23,548,Electronics
FX6SQD8Y76,Prada sunglasses,Prada,566.64,419,Clothing
RNYPJLK6IN,HP ZBook Gaming Create,HP,870.52,624,Electronics
JEJ1JCQ2WP,Tecno Pouvoir 3 Plus,Tecno,401.58,518,Electronics
QKCVHJV66C,Sony PlayStation 4 with 4K and HDR,Sony,464.26,279,Electronics
L94PFZZ1LV,Balenciaga Track Trainer,Balenciaga,995.39,342,Clothing
NPZ8KR39BC,Nike Air Max 720-818,Nike,660.01,72,Clothing
GKI2DQWQWK,HP ZBook Gaming Studio x2,HP,221.66,291,Electronics
Z87G05R38S,Alienware Elite Gaming Mouse,Alienware,103.74,382,Electronics
AIN0GAG35W,Pixel 4a (5G),Google,599.57,571,Electronics
356N5CWLQO,HP Spectre Gaming,HP,393.61,199,Electronics
1UWQO5KBI7,Prada mule,Prada,721.48,439,Clothing
OE340Z9WEZ,Sony PlayStation 5 with SSD and HDR,Sony,358.68,207,Electronics
9908ERQIEQ,Transformer Book T100,Asus,181.77,549,Electronics
AARH2GFSXB,Infinix Note 5,Infinix,333.83,298,Electronics
E67EJTRZCM,Rolex Datejust 41,Rolex,576.64,598,Clothing
9QM5VWNPJT,Gucci Monogram Canvas,Gucci,171.17,107,Clothing
LJVPUBZBB4,Rolex Submariner Platinum,Rolex,447.91,464,Clothing
8202A8YZI0,Balenciaga Track 3,Balenciaga,676.81,112,Clothing
HEAZQ2R7FT,Adidas Ultraboost X Parley Primeknit,Adidas,719.97,107,Clothing
7D34YD3PBD,MacBook (2013),Apple,626.04,617,Electronics
2MSEVLI9TB,Galaxy Tab S7+,Samsung,578.3,611,Electronics
5H67RTAT29,Sony PlayStation Now,Sony,391.36,91,Electronics
EJ7TBS2FO4,Galaxy Tab S,Samsung,454.73,114,Electronics
59WWW8VFUL,Diet Coke,Coca Cola,872.84,667,Food
FK2S8SZ1CF,Transformer Book T100,Asus,770.91,176,Electronics
3XJ42WDRNR,Pixel 7,Google,778.55,115,Electronics
XAC2KDL49B,Chromebook C202,Google,635.08,573,Electronics
MCGK816MPB,Prada chemise,Prada,273.89,597,Clothing
MW1BGR3BIR,Bose QuietComfort 35 Noise Cancelling Bluetooth Headphone,Bose,240.43,595,Electronics
ERPJ4R6G4N,Tommy Hilfiger Men's Logo Joggers,Tommy Hilfiger,261.31,91,Clothing
N03I6W0J7F,Prada snow boot,Prada,675.31,613,Clothing
67I24ICX0S,Microsoft Word,Microsoft,576.24,612,Electronics
EZ2265ETQK,Microsoft Dynamics 365 Human Resources,Microsoft,955.19,228,Electronics
23KB5PTAIE,Infinix Zero 8i,Infinix,370.98,345,Electronics
RTF89E9IWS,iPhone1,Apple,373.44,422,Electronics
TI9W79VCCL,Tommy Hilfiger Kids' Logo Jacket,Tommy Hilfiger,816.53,211,Clothing
40UACXJIEE,Microsoft Skype,Microsoft,910.61,413,Electronics
0RDAWNNJRP,Adidas Ultraboost X Clima Primeknit,Adidas,887.15,652,Clothing
2SN78U2ZP1,Sony PlayStation 5 with 4K,Sony,622.22,158,Electronics
PK1R21T3MQ,Transformer Book T100CHI,Asus,330.09,684,Electronics
WSZ6R7ZK7B,Nike Air Max 270 React SE,Nike,861.72,162,Clothing
O2OEG7NLDP,"MacBook Pro (15-inch, 2008)",Apple,535.56,334,Electronics
B32970ND5J,Prada checked luggage,Prada,168.8,360,Clothing
5H6UEPZF4B,Galaxy S7 Edge,Samsung,446.28,127,Electronics
3ZFDDK2875,Rolex Datejust 31,Rolex,157.16,63,Clothing
9G1PZZEKWN,Prada stocking,Prada,944.44,578,Clothing
6SPHMWRNVE,Prada lingerie,Prada,916.99,598,Clothing
LV16LMA51O,HP Pavilion x2,HP,164.74,687,Electronics
YUDM0APH19,Coca-Cola Vanilla,Coca Cola,937.71,157,Food
W7D96D9P67,Sony PlayStation 4 Pro with HDR,Sony,972.68,1,Electronics
HMRQT6YKU9,Rolex Day-Date,Rolex,994.35,46,Clothing
S8E2875N90,Bose QuietComfort 35 II Noise Cancelling Headset,Bose,882.5,109,Electronics
B5ZODZLB2K,Microsoft Dynamics SL,Microsoft,862.41,390,Electronics
X4LC1OHO5P,Prada flat,Prada,411.74,694,Clothing
AQ4YVK50GJ,Tecno Camon C1,Tecno,642.39,583,Electronics
JHUP77LUIY,HP ProBook Gaming 640,HP,968.42,609,Electronics
IE3L8G662W,"MacBook Pro (15-inch, 2012)",Apple,590.68,328,Electronics
G00MRCPVJS,HP Elite,HP,864.32,257,Electronics
KNX1618B75,"MacBook Pro (15-inch, 2011)",Apple,827.24,65,Electronics
ZWI5VQ0XHH,Gucci Horsebit,Gucci,999.8,316,Clothing
C3M57623Q3,"MacBook Pro (15-inch, 2010)",Apple,663.33,228,Electronics
FYFWJ5THZY,Prada tote bag,Prada,119.66,174,Clothing
LVL4135BBS,Nexus 4,Google,946.28,480,Electronics
6EQLSOG0EN,Pixel 6,Google,107.07,98,Electronics
WJEJP7S25E,Tecno Spark 5 Pro,Tecno,830.23,356,Electronics
MIX9BXND84,Fanta Strawberry,Coca Cola,846.27,698,Food
K6WC41DRM1,Galaxy Tab S5e,Samsung,974.73,64,Electronics
S83PVY8YKF,Rolex Submariner Gold,Rolex,676.69,621,Clothing
VVB834CGPR,Nexus One,Google,553.9,320,Electronics
RHARWKW80T,Sony PlayStation Remote Play,Sony,542.39,39,Electronics
72W296GW7M,Alienware Advanced Gaming Keyboard,Alienware,613.65,411,Electronics
LVG0GBQ7CK,Pixel 4a,Google,950.26,59,Electronics
0OTL49MS4V,Gucci Monogram GG Supreme Embroidered,Gucci,718.46,577,Clothing
GDHQIWOP74,Fanta Orange,Coca Cola,552.51,654,Food
LKR07SYA09,HP ZDesktop,HP,620.53,214,Electronics
LH8LC99OWX,Sony PlayStation 4 Slim with 4K,Sony,290.23,160,Electronics
WL4LJGJTZN,Alienware Graphics Amplifier R3,Alienware,390.14,682,Electronics
4S96EIQ5UZ,Gucci GG Blooms,Gucci,980.06,623,Clothing
IIC5WZ2Y3Y,Coke Zero,Coca Cola,993.82,73,Food
M6ON8N3GXH,Galaxy S10e,Samsung,957.76,167,Electronics
KEZ4KX8HZZ,Sony PlayStation 4 with 4K and HDR,Sony,167.33,670,Electronics
1J6W1WUTDL,Tecno Camon C8,Tecno,260.36,642,Electronics
TSM45DCUZO,Balenciaga Track High 3,Balenciaga,387.08,47,Clothing
G1K1ICPZZW,Sprite with Ginger,Coca Cola,182.0,444,Food
CXEM3TTYQU,ZenFone,Asus,293.32,259,Electronics
7X7NU8CL49,Tommy Hilfiger Women's Logo T-Shirt,Tommy Hilfiger,149.73,344,Clothing
QSUTELSQ8N,Balenciaga Race Runner 3,Balenciaga,182.25,157,Clothing
7KEV9C7ZJT,Nike Air Max 270 Flyknit,Nike,835.24,289,Clothing
IMG0N58J1D,Alienware Area-51m R3,Alienware,717.32,380,Electronics
3UR7OQCYG2,Galaxy Note 8,Samsung,231.55,386,Electronics
SVF3A2U7MJ,Nike Air Max Tailwind 5,Nike,557.92,492,Clothing
1PXIQ2ZEA0,Galaxy Tab A,Samsung,167.84,642,Electronics
ALS43X9F06,Adidas Ultraboost X All Terrain,Adidas,145.67,35,Clothing
VULCQI3MKV,Bose QuietComfort 35 Noise Cancelling Bluetooth Earbuds,Bose,859.67,343,Electronics
2ORA120OQ7,iPhone SE (2016),Apple,599.01,59,Electronics
U4UZQZ1B7R,Prada sock,Prada,597.57,653,Clothing
GNSJRJORR9,Chromebook C210,Google,884.96,498,Electronics
LLDN1DJ7L0,HP ZBook Power x2,HP,672.21,575,Electronics
WVA2PHNYHJ,Balenciaga Track High 3,Balenciaga,942.14,288,Clothing
0TKO4I9MO4,Alienware X51,Alienware,523.86,60,Electronics
9NNE3YGLGQ,HP Elite Gaming x2,HP,856.19,530,Electronics
02AATZ67AD,Transformer Mini T102HAF,Asus,951.26,550,Electronics
HV3NFVDPJX,HP Elite Gaming,HP,283.85,617,Electronics
HDMM22KMY2,Schweppes Blueberry Juice,Coca Cola,817.73,36,Food
CX0CA5AFFC,Balenciaga Track Mid 3,Balenciaga,875.01,440,Clothing
LUPIBZOEES,Chromebook XE501C13,Google,176.06,10,Electronics
ANU5JIPHHT,Bose QuietComfort 35 II Noise Cancelling Bluetooth Earbuds,Bose,949.86,272,Electronics
STBY2LRJ36,Transformer Book T100TAN,Asus,802.91,387,Electronics
LLPLKYH0Z7,Rolex Oyster Perpetual Datejust,Rolex,495.89,293,Clothing
TNZ9TJZL9D,Rolex Submariner Ceramic,Rolex,845.32,479,Clothing
XIXUO38OPJ,Bose QuietComfort 35 II Noise Cancelling Wireless Bluetooth Earphones,Bose,487.68,285,Electronics
CDJ1BWYLJV,Chromebook Spin,Google,261.54,297,Electronics
Y4BZJE07TX,Transformer Book T90,Asus,511.03,168,Electronics
VJDXMDVJI0,Gucci Monogram GG Supreme Vintage Web,Gucci,346.27,353,Clothing
GGXXOZLJHW,Prada ballet flat,Prada,106.37,447,Clothing
EWLZY4ZAYY,Alienware 13 R3,Alienware,102.25,150,Electronics
BKFER2KH0B,Prada belt,Prada,939.81,650,Clothing
DFM1WHN1W6,Galaxy Tab S6 Lite,Samsung,655.57,86,Electronics
XZA9YXE4NO,Adidas Ultraboost X Clima Primeknit,Adidas,617.23,346,Clothing
GC1C61NB26,Balenciaga Race Runner 3,Balenciaga,997.98,246,Clothing
3XMN0JTKMF,Galaxy Tab Active,Samsung,255.86,108,Electronics
QGA8JOOAPF,Galaxy S10e,Samsung,684.61,601,Electronics
2R448O29MA,Bose QuietComfort 35 II Noise Cancelling Wireless Headphones,Bose,991.09,501,Electronics
W1BO1ZKKL7,Microsoft Dynamics,Microsoft,666.37,539,Electronics
KQH82TDAZA,Tecno Camon C1,Tecno,638.84,421,Electronics
OEDPOM6N63,HP ZBook Gaming,HP,147.63,536,Electronics
SHBTZ53K9R,Prada panty,Prada,930.9,647,Clothing
36VWRPG44X,Adidas Ultraboost X 4D Forge,Adidas,353.0,212,Clothing
VG1UZANOH3,Adidas Ultraboost X Parley 4D,Adidas,928.92,193,Clothing
56H3NIBB2A,Microsoft Dynamics 365 Business Central,Microsoft,495.33,71,Electronics
Q766K6ZBQS,Rolex Submariner Steel,Rolex,161.71,253,Clothing
6YF5P7U7HA,Rolex Day-Date,Rolex,863.01,211,Clothing
XRUPJ42ROZ,Sony PlayStation 4 Pro,Sony,437.77,167,Electronics
L78R2ZSZ2K,Transformer Pad TF201T,Asus,263.01,423,Electronics
680G03UL2M,Transformer Book Flip TP300LA,Asus,476.88,31,Electronics
030MC9OSCX,Rolex Submariner Yellow Gold,Rolex,827.39,392,Clothing
MXAXV903E8,Nike Air Max Tailwind 9,Nike,113.57,543,Clothing
7J6CDCE4V4,iPhone 13 Mini,Apple,248.68,591,Electronics
IB645FA2VH,Tecno Phantom 7,Tecno,130.19,312,Electronics
34PLZ0ON80,Balenciaga Track Mid,Balenciaga,884.06,32,Clothing
5HF3FA4HBR,Tecno Spark 5 Pro,Tecno,398.23,410,Electronics
E3WHQHTN1A,Sony PlayStation 5 with Ultra HD Blu-ray,Sony,427.63,656,Electronics
G6UGT62DSX,Microsoft Dynamics NAV,Microsoft,498.15,278,Electronics
WZ36NP5SOC,Transformer Mini T103HAF,Asus,475.46,385,Electronics
XRRX7W2T4D,Microsoft Dynamics SL,Microsoft,890.79,5,Electronics
FJ09M7QCNW,Balenciaga Track Mid,Balenciaga,411.15,325,Clothing
BII1OZR39X,"MacBook Pro (15-inch, 2015)",Apple,537.4,76,Electronics
G1V8K9MAHT,Nike Air Max 720 W,Nike,739.47,427,Clothing
HTNS4IJ2WN,ZenFone 5Z,Asus,533.48,68,Electronics
N53NMAG6HO,iPhone 5c,Apple,108.95,480,Electronics
DNH9C6ZF5J,Alienware Advanced Gaming Keyboard,Alienware,660.17,72,Electronics
JMNH2HW3CY,Bose QuietComfort 35 II Noise Cancelling Bluetooth Headset,Bose,649.23,441,Electronics
KLTT0IKK8F,Chromebook,Google,815.16,632,Electronics
OTPWX2NIPW,Microsoft Dynamics 365 Business Central,Microsoft,401.2,373,Electronics
T2D4DRO2EV,HP Pavilion Gaming x360,HP,780.28,180,Electronics
6LAF9OET4U,Transformer Pad Infinity TF700,Asus,644.61,260,Electronics
OIMVAJH0OK,Sony PlayStation 5 with SSD and 4K,Sony,510.0,674,Electronics
6JSF6DE6AJ,HP ProBook Gaming 430,HP,482.46,525,Electronics
5BHI8HI8WL,Microsoft HoloLens,Microsoft,412.71,300,Electronics
9KUCDAVKDB,Alienware 15 R4,Alienware,288.57,501,Electronics
5PGXVC4D6U,AirPods Pro with Wireless Charging Case (1st generation),Apple,807.14,88,Electronics
MU6COV7BRD,"MacBook Pro (13-inch, 2012)",Apple,827.23,437,Electronics
L7YDVKBZI6,Alienware 17 R5,Alienware,622.85,53,Electronics
WTNH1AULPP,Gucci Monogram GG Supreme Running G,Gucci,854.9,320,Clothing
8971UTHIQJ,Gucci Monogram GG Supreme Canvas,Gucci,700.48,130,Clothing
HN2R4LEGJ5,Galaxy Z Fold 2,Samsung,153.51,186,Electronics
J2Z2FKISH1,Adidas Ultraboost 4.0,Adidas,920.4,553,Clothing
XFAG1P6QVP,Coca-Cola,Coca Cola,445.05,113,Food
2MBLAUBMDE,Balenciaga Arena 4,Balenciaga,668.32,488,Clothing
YZJ2ACQMUM,Transformer Pad TF701,Asus,253.84,540,Electronics
84G7EYV6KP,Tommy Hilfiger Women's Logo Jacket,Tommy Hilfiger,603.56,328,Clothing
AVYTGAOUEX,Prada cologne,Prada,469.69,370,Clothing
0UBCRU63KO,Sony PlayStation 5 with SSD and 4K,Sony,673.58,9,Electronics
96JLX1RPJA,HP Chromebook Gaming x2,HP,192.16,134,Electronics
B1BOFR67QZ,Gucci Monogram GG Supreme Vintage Web,Gucci,900.14,194,Clothing
MIOLIXSNV2,HP ZBook Gaming Studio x2,HP,153.03,562,Electronics
69P2VC9JL8,Sony PlayStation Messages,Sony,907.97,543,Electronics
4PVCZLIXPX,Bose QuietComfort 35 Noise Cancelling Wireless Bluetooth Earphones,Bose,986.88,425,Electronics
RT2XBBB0A5,Balenciaga Track Mid,Balenciaga,500.38,472,Clothing
XF2IUFMYGR,Adidas Ultraboost 19,Adidas,478.47,260,Clothing
ZTWWH27IDF,Adidas Ultraboost 19,Adidas,312.84,562,Clothing
XQB0HKRWLR,Tommy Hilfiger Women's Logo Polo Shirt,Tommy Hilfiger,742.16,463,Clothing
ER8ILB2LLE,Tommy Hilfiger Kids' Logo Jacket,Tommy Hilfiger,456.49,327,Clothing
4XH7IJL1EV,Bose QuietComfort 35 II Noise Cancelling Wireless Bluetooth Headset,Bose,961.2,458,Electronics
X0R9O8EY8F,iPhone SE (2020),Apple,261.46,231,Electronics
8S7QE0NB42,Adidas Ultraboost X S&L 4D,Adidas,278.05,477,Clothing
54VVBBXVNJ,Gucci Guccy,Gucci,404.02,497,Clothing
QQUD2FX4IW,Bose QuietComfort 35 Noise Cancelling Bluetooth Earphones,Bose,260.8,13,Electronics
OV78D7NG9B,ZenFone 5Z,Asus,926.68,617,Electronics
4KDRVRJ7Q5,Transformer Pad TF201,Asus,855.8,256,Electronics
SVHZRAA0SM,MacBook (2012),Apple,648.85,629,Electronics
YW1ZAYND1Q,HP Pavilion x360,HP,814.57,300,Electronics
2FGT0LLWNF,MacBook (2012),Apple,684.09,418,Electronics
ESK7UL6AFU,Rolex Submariner Rose Gold,Rolex,483.62,658,Clothing
CCQW6AWPTQ,AirPods with Wireless Charging Case (4th generation),Apple,602.85,153,Electronics
2O02KBBUJS,Alienware Aurora R9,Alienware,405.06,287,Electronics
70A6BMBYPA,Sony PlayStation App,Sony,520.07,294,Electronics
QDV7G2UQ97,Nike Air Max 90 Ultra 2.0 W,Nike,790.02,446,Clothing
6NCMUD40JY,HP ProBook Gaming 650,HP,290.65,343,Electronics
PFSW7OE71P,HP ZBook Fury x2,HP,125.93,524,Electronics
FD24TSR86W,HP ProBook x360,HP,379.03,355,Electronics
GGONTI6H8A,Prada suitcase,Prada,576.33,6,Clothing
X30DRI3C2H,Coca-Cola Vanilla,Coca Cola,786.4,185,Food
QYK1464S85,Balenciaga Race Runner 3,Balenciaga,152.1,200,Clothing
MHJERG4G4G,Schweppes Mandarin Juice,Coca Cola,208.69,212,Food
AC07DSD00W,Galaxy S10 5G,Samsung,598.29,207,Electronics
E63Q55WMOZ,Sony PlayStation 5 with Ultra HD Blu-ray,Sony,368.6,284,Electronics
FKPEROA0ZW,Bose QuietComfort 35 Noise Cancelling Headphones,Bose,864.01,604,Electronics
CPFOJ7DWNY,Rolex Oyster Perpetual Cosmograph Daytona,Rolex,394.24,107,Clothing
F3K8ANAXUL,Tecno Camon 15 Premier,Tecno,668.93,27,Electronics
SWPLZLWZK9,HP Spectre,HP,683.53,588,Electronics
GVAMLS5VW5,Galaxy Note 10+,Samsung,760.27,465,Electronics
TAAP0H0DIE,Tecno Phantom 5,Tecno,711.81,422,Electronics
ERKBR2KW2V,Sony PlayStation Messages,Sony,877.92,46,Electronics
KTI6H1N9JB,Gucci Monogram Supreme,Gucci,455.36,538,Clothing
VF7SCPFZPN,Galaxy Note 7,Samsung,873.42,632,Electronics
RNEWAY4AT9,Alienware 13 R5,Alienware,356.71,84,Electronics
R73CSZI3WH,Adidas Ultraboost X Parley Primeknit,Adidas,705.27,167,Clothing
NYYMGMKBD4,Adidas Ultraboost X 3D Carbon,Adidas,543.48,431,Clothing
ED5UZKI4TY,Galaxy S20+,Samsung,889.66,180,Electronics
FHZ6X35AKH,Bose QuietComfort 35 Noise Cancelling Headphones,Bose,458.59,213,Electronics
3WTT7ZAJB8,Alienware Elite Gaming Mouse,Alienware,305.65,121,Electronics
DXC1SO3MEP,iPhone 13 Pro Max,Apple,597.09,99,Electronics
X461P7DEEO,HP ZBook Gaming Fury x2,HP,889.35,647,Electronics
D69FMLPOKK,Prada wedge,Prada,848.64,291,Clothing
66HUVH0NJO,Adidas Ultraboost X Clima Primeknit,Adidas,634.11,128,Clothing
74DTMC76GC,Prada luggage set,Prada,593.72,582,Clothing
V7AVNHTLR7,Balenciaga Track Low 4,Balenciaga,130.02,232,Clothing
YTAEK54B35,Tecno Camon C8,Tecno,835.54,121,Electronics
UIAOUS6SSV,Gucci Monogram GG Supreme Denim,Gucci,851.18,143,Clothing
SQVJOG6YQA,Adidas Ultraboost X 4D Forge,Adidas,238.76,421,Clothing
Z7T70M5YSY,Tecno Camon C1,Tecno,646.05,348,Electronics
FAP60UKM2G,Gucci Soho,Gucci,155.83,563,Clothing
NTX1RE1K0K,ZenFone 3 Deluxe,Asus,187.76,137,Electronics
GH2X7E0S9M,Sony PlayStation 5 with SSD and 4K and HDR,Sony,717.05,677,Electronics
P2V2CZMV94,Balenciaga Track Mid,Balenciaga,344.61,396,Clothing
T8AXHLT9DJ,"MacBook Pro (15-inch, 2018)",Apple,470.4,325,Electronics
UVEPXGL7MJ,HP ZBook Gaming Fury,HP,662.93,245,Electronics
EBZ88DQ13H,Bose QuietComfort 35 II Wireless Bluetooth Headphones,Bose,328.43,375,Electronics
XXPZ3AO4TP,Infinix Hot 10,Infinix,265.93,96,Electronics
PCWR7BJFWE,HP ProBook 640,HP,792.98,38,Electronics
QWURVJSLK9,HP Pavilion Desktop,HP,985.59,150,Electronics
M5WFVOF8R2,iPhone 6s,Apple,654.09,8,Electronics
GLYEGS069F,AirPods with Charging Case (6th generation),Apple,534.51,424,Electronics
XLQNKIUM4Q,Prada body mist,Prada,933.36,334,Clothing
FZ46AUS58E,Galaxy S5,Samsung,507.81,281,Electronics
BHFJ4CLW39,Bose QuietComfort 35 II Wireless Headphones,Bose,478.39,569,Electronics
FM8AYVXN6U,ZenFone 3 Ultra,Asus,781.42,429,Electronics
RE39A13ASQ,Rolex Oyster Perpetual Sky-Dweller,Rolex,977.01,435,Clothing
2JWAHHZD8S,Sony PlayStation 5 with Ultra HD Blu-ray,Sony,250.89,539,Electronics
VIHK2O1VIJ,Transformer Mini T103HA,Asus,886.18,210,Electronics
QWW2QV0YD3,Pixel,Google,686.02,217,Electronics
O8DIYUKMF0,iPhone 8,Apple,142.1,518,Electronics
KGWKO78667,iPhone 6s,Apple,582.99,34,Electronics
Q1TWBD1QUP,"MacBook Pro (15-inch, 2013)",Apple,777.17,519,Electronics
CK2U8ENS3J,Schweppes Bitter Lemon,Coca Cola,102.3,324,Food
4GWELG8UXP,Alienware Graphics Amplifier R2,Alienware,615.66,465,Electronics
A37KLQ7BSW,HP Pavilion Desktop Mini,HP,734.39,174,Electronics
T8E641FGNL,Adidas Ultraboost X All Terrain 4D,Adidas,761.6,238,Clothing
OTYF6IHDV7,Prada suit,Prada,865.48,584,Clothing
RZND3BTBP3,Gucci Jackie,Gucci,752.7,600,Clothing
QX5HU82QLO,Prada shirt,Prada,431.56,361,Clothing
VKNT28MEN3,Sony PlayStation 5 with Ultra HD Blu-ray and 4K and HDR,Sony,394.73,30,Electronics
21ZU34S4MS,"MacBook Pro (15-inch, 2020)",Apple,210.69,515,Electronics
IB68RVN4MX,Alienware Graphics Amplifier R3,Alienware,161.77,643,Electronics
VNNHIZ9166,Prada coat,Prada,330.12,290,Clothing
6SPWM35969,Infinix Note 5,Infinix,602.0,243,Electronics
C1F5OJGKAS,Balenciaga Race Runner 4,Balenciaga,259.64,123,Clothing
LB36LIL3YI,Prada suit,Prada,559.48,468,Clothing
7OJHBRB3U0,Tecno Pouvoir 4,Tecno,616.61,210,Electronics
BLQCDDC1BI,Fanta Blue Raspberry,Coca Cola,680.5,549,Food
TU8P5PNAFQ,Adidas Ultraboost X,Adidas,805.22,179,Clothing
8KRCZQUKK8,Tecno Spark 5,Tecno,355.24,500,Electronics
I75H3ZJJL9,Alienware Elite Gaming Headset,Alienware,327.56,147,Electronics
1N42912MFQ,HP Pavilion x360,HP,969.74,143,Electronics
XZH8RBTB6R,Nike Air Max 270,Nike,350.56,347,Clothing
0YKK1510VK,Bose QuietComfort 35 Noise Cancelling Bluetooth Earbuds,Bose,614.54,71,Electronics
70SXFDUD4J,Alienware 17,Alienware,594.96,179,Electronics
NSSZHEETIB,Tecno Spark 5 Pro,Tecno,459.28,85,Electronics
21BOG9KRJZ,"MacBook Pro (13-inch, 2016)",Apple,379.23,399,Electronics
J5CC0NGUIE,Pixel 2,Google,529.68,193,Electronics
ZH38GLK4GC,Pixel 2,Google,692.21,617,Electronics
HR8ZC977QO,Prada coat,Prada,979.6,412,Clothing
JZ2OS4X8TE,Nike Air Max Tailwind 9,Nike,746.08,471,Clothing
7HS0TTVOC1,HP Envy Desktop Mini,HP,717.54,193,Electronics
DBIZVPBOM8,Infinix Smart 2 Pro,Infinix,209.17,243,Electronics
VRS5C7L7SN,Adidas Ultraboost X Clima,Adidas,630.54,37,Clothing
FIARMQBCCU,Tecno Camon C1,Tecno,604.73,486,Electronics
71YQGM5043,Schweppes,Coca Cola,212.33,254,Food
XMBVD4GKE0,Nike Air Max 270 RT W,Nike,953.64,304,Clothing
OSBL2P0RTI,Gucci Sylvie,Gucci,359.55,180,Clothing
H7SOSS4MZD,Alienware 15 R5,Alienware,904.25,523,Electronics
DDKZ7ERTB4,Sony PlayStation Remote Play for Chromebook,Sony,165.22,459,Electronics
CJ34AZUT5J,MacBook (2016),Apple,857.1,259,Electronics
CIA11PU01F,iPhone 6s,Apple,659.11,253,Electronics
C92TQM0WVL,Gucci Monogram GG Supreme Velvet,Gucci,342.29,603,Clothing
8YWZO92SAM,Sony PlayStation 4 Pro,Sony,322.99,512,Electronics
PK0NEPU2QR,Prada messenger bag,Prada,962.23,465,Clothing
BD2LWYZE42,Alienware Alpha R2,Alienware,694.23,56,Electronics
ZEF0CQ74O0,Bose QuietComfort 35 Noise Cancelling Bluetooth Headphones,Bose,542.68,259,Electronics
L737LJA03K,HP ProBook Gaming 470,HP,902.06,379,Electronics
DFYV7LBR0P,Nike Air Max 270 React SE,Nike,674.28,350,Clothing
KMOJN2DNTJ,Tecno Camon C4,Tecno,214.97,18,Electronics
QS7SNPVZ0C,Adidas Ultraboost X 4D Tech,Adidas,981.36,299,Clothing
ONJ9EPVE21,Gucci GG Supreme,Gucci,897.8,395,Clothing
SDPC6WTMAC,iPhone 3GS,Apple,713.0,383,Electronics
2ZQIZ9SLBU,Prada eyewear,Prada,328.32,350,Clothing
123D6UNY63,Galaxy S20+,Samsung,338.3,398,Electronics
3JKPKVORAD,iPhone 7,Apple,925.5,619,Electronics
KEULXBLYR9,Sony PlayStation Messages,Sony,857.8,631,Electronics
T8MHQ2MNUD,Balenciaga Arena 4,Balenciaga,929.44,250,Clothing
T4M9Q7CKBD,"MacBook Pro (15-inch, 2021)",Apple,992.69,411,Electronics
2YBIBVUEPG,Rolex Oyster Perpetual Sky-Dweller,Rolex,877.94,217,Clothing
SEQULCDY5W,Infinix Surf Bravo,Infinix,106.3,502,Electronics
BHTPOPBY84,Tecno Boom J3,Tecno,457.13,601,Electronics
XN01S1AEYQ,ZenFone 4 Pro,Asus,570.75,21,Electronics
IFC45AX7R4,Fanta Green Apple,Coca Cola,519.12,654,Food
RQ1QCUZ7HX,MacBook (2014),Apple,363.31,589,Electronics
4ZAGFMYKX3,Gucci Monogram GG Supreme Blooms,Gucci,232.25,365,Clothing
MEZBAU0UNJ,Schweppes Ginger Ale,Coca Cola,493.71,34,Food
KHGFRYBG8S,Schweppes Cherry Juice,Coca Cola,585.86,275,Food
P02YL6VKVM,Alienware X51 R2,Alienware,166.24,571,Electronics
3WAAKA0XDV,Sony PlayStation Remote Play for TV,Sony,988.48,216,Electronics
RZQFOTRQ9G,Chromebook C100,Google,200.15,128,Electronics
UVOUEF1WNN,Rolex Explorer,Rolex,119.61,616,Clothing
AWJYBQS4X1,Sprite with Lemon,Coca Cola,789.67,147,Food
PZRB7BIRXM,HP Spectre,HP,859.71,147,Electronics
87HIGEW6PV,AirPods Max,Apple,264.12,46,Electronics
MIPFH4DZRI,Transformer Mini T102HAF,Asus,588.03,12,Electronics
KRHUPXODU8,Schweppes Ginger Ale,Coca Cola,584.48,470,Food
A9NMMCPD9V,Gucci Monogram GG Supreme Interlocking G,Gucci,294.42,59,Clothing
PMKPD2IVML,Alienware 13,Alienware,139.55,492,Electronics
LD52DTAYN3,Microsoft Project,Microsoft,470.68,276,Electronics
EQO1VXUVIW,Galaxy Note 8,Samsung,141.04,19,Electronics
QD0DU7TPV8,Adidas Ultraboost 21,Adidas,891.4,509,Clothing
THMQQWSE8I,Galaxy S9,Samsung,647.61,282,Electronics
T41ZQOM7E5,Alienware m17 R3,Alienware,837.3,460,Electronics
8BNA3LLIWO,Nike Air Max Tailwind 5+,Nike,300.34,441,Clothing
0S4W71GTWF,Prada boot,Prada,359.93,482,Clothing
JE9IKWBJS6,Galaxy Tab S6 Lite,Samsung,124.98,265,Electronics
9PMKOCI01W,Gucci Tian,Gucci,362.57,428,Clothing
2U2ZVTMRVA,Microsoft Dynamics 365 Finance and Operations,Microsoft,385.95,162,Electronics
4BAWWTZDAM,Rolex Oyster Perpetual Sky-Dweller,Rolex,510.83,610,Clothing
ULVPULMXGA,Adidas Ultraboost X Carbon,Adidas,719.5,31,Clothing
HRXDWUPF1L,Galaxy Tab S,Samsung,295.34,316,Electronics
X0K9MR5MWG,Microsoft Access,Microsoft,918.65,38,Electronics
ICHMZL2VQQ,Alienware Aurora R10,Alienware,696.2,465,Electronics
97B9AIIL7W,Bose QuietComfort 35 II Noise Cancelling Bluetooth Earphones,Bose,949.54,303,Electronics
2JGDTU1FEQ,Chromebook XE503C12,Google,480.38,7,Electronics
TG96J5EGDX,Galaxy Z Flip,Samsung,466.1,412,Electronics
W5I8RYGIMB,HP Pavilion x360,HP,942.08,215,Electronics
PHKIBZT6ZX,Prada keychain,Prada,126.54,27,Clothing
RMLEILLMNS,Microsoft Teams,Microsoft,151.42,383,Electronics
6O9DFUXNFQ,Galaxy S10,Samsung,427.08,330,Electronics
ZQAIW9TY3V,Balenciaga Race Runner,Balenciaga,649.95,604,Clothing
J4K9J6TN8J,ZenFone 4 Pro,Asus,211.08,9,Electronics
YJV3KY2UKL,Tommy Hilfiger Kids' Logo T-Shirt,Tommy Hilfiger,424.44,68,Clothing
0J0XGJTQSG,Adidas Ultraboost X 4D Tech,Adidas,300.16,459,Clothing
JW76Y0FOHN,Tommy Hilfiger Kids' Logo Hoodie,Tommy Hilfiger,975.3,323,Clothing
C7EK8V6SOU,Sony PlayStation Remote Play for PS5,Sony,819.97,547,Electronics
R5UOBHQTZ2,"MacBook Pro (15-inch, 2016)",Apple,180.68,393,Electronics
1F3K6U30SR,HP EliteBook,HP,506.5,555,Electronics
YYS4NDBTWN,Prada heel,Prada,338.36,142,Clothing
9E715U2VYY,HP ProBook x360,HP,823.08,694,Electronics
U7RQN0P9L0,HP ProBook x2,HP,325.91,18,Electronics
I3SKASTFQ4,Sony PlayStation 2,Sony,369.05,143,Electronics
86TYSO9QVY,Microsoft Visio,Microsoft,614.44,145,Electronics
DTEB5A7ZUC,Alienware Advanced Gaming Mouse,Alienware,587.62,696,Electronics
KVRBQC6JPS,Nike Air Max 90 G,Nike,948.68,57,Clothing
22JCV7N0BV,Sony PlayStation 4 Slim with HDR,Sony,616.89,68,Electronics
9LSKKZJYZ4,Sony PlayStation 5 with Ultra HD Blu-ray and 4K and HDR,Sony,922.56,361,Electronics
036LQ6L7AX,Alienware X51 R2,Alienware,131.56,667,Electronics
046RGNVFRZ,HP Spectre Desktop,HP,258.89,500,Electronics
SG29C7EKSF,Schweppes Grape Juice,Coca Cola,596.49,104,Food
V8YUFU327V,"MacBook Pro (13-inch, 2012)",Apple,428.75,322,Electronics
SZWHVM9N8A,Galaxy Tab S6,Samsung,897.56,210,Electronics
O6KB3ENQSY,Microsoft Excel,Microsoft,349.96,90,Electronics
C3AJTAM0JO,Microsoft Dynamics SL,Microsoft,430.75,480,Electronics
UCAYEO5Y0H,Bose QuietComfort 35 II Noise Cancelling Wireless Headphones,Bose,546.67,543,Electronics
7J500VU4R6,Galaxy S4,Samsung,296.94,273,Electronics
OGPI1TX2AU,Balenciaga Track Trainer 4,Balenciaga,803.82,396,Clothing
EYJ4ADK296,Galaxy S20+,Samsung,654.32,451,Electronics
J5LCMEBMHQ,AirPods Max (1st generation),Apple,905.27,317,Electronics
4Z42ENY21T,HP ZBook Studio,HP,133.21,668,Electronics
OHTA85BXAP,Tecno Phantom 8,Tecno,416.84,398,Electronics
F4MN5A7CB2,Prada stocking,Prada,739.46,689,Clothing
MWOPFGRW26,Barq's Diet Root Beer,Coca Cola,411.23,611,Food
KZSOW7RL3J,Transformer Book Flip TP550LD,Asus,701.86,74,Electronics
8986F5TJOF,MacBook (2016),Apple,435.87,127,Electronics
CFVY6A0YRJ,Schweppes Lemon Juice,Coca Cola,673.63,422,Food
TJTHS7Z8CR,Fanta Mango,Coca Cola,372.8,510,Food
J0PRAAOXBD,Bose QuietComfort 35 Noise Cancelling Bluetooth Earphones,Bose,727.09,344,Electronics
2DYVC8QBF1,ZenFone 5,Asus,213.98,188,Electronics
CFXMO6B42A,HP Stream Desktop,HP,115.81,608,Electronics
OUXEXV6MA9,Microsoft Surface,Microsoft,866.35,159,Electronics
GQ5ATH852D,Transformer Pad TF701,Asus,614.67,475,Electronics
HTCGPAQ66K,Transformer Book Flip TP550LA,Asus,596.39,69,Electronics
U3OZGE6EDL,Gucci Monogram GG Supreme,Gucci,746.04,623,Clothing
40XJ3G8191,Fanta Melon,Coca Cola,177.75,675,Food
OUAX2RAEN9,Balenciaga Track 2,Balenciaga,219.91,547,Clothing
C3KAHEJW1X,Sony PlayStation Vita,Sony,645.66,48,Electronics
ZFV2UJ2MDQ,Balenciaga Track Mid,Balenciaga,852.78,37,Clothing
IK43LMGNPF,Schweppes Pineapple Juice,Coca Cola,253.32,142,Food
2CRR5MMFVY,Prada knee high boot,Prada,403.24,640,Clothing
5F9ZUJOYQ0,Infinix X351,Infinix,816.75,98,Electronics
EO38EK2P9Z,Prada ankle boot,Prada,487.23,149,Clothing
61JHODDET6,Chromebook R11 CB5-132T,Google,174.99,210,Electronics
3Z32EI7UDW,Sony PlayStation VR,Sony,105.56,151,Electronics
WOA5LNU57J,Balenciaga Track Low 3,Balenciaga,443.72,202,Clothing
3Q57BPWMQX,Sony PlayStation,Sony,712.85,697,Electronics
B6P6XPHOZI,HP ProBook Gaming 470,HP,917.66,326,Electronics
92BU0TPH55,Coca-Cola Vanilla,Coca Cola,821.82,463,Food
YDQB14P149,AirPods Pro with Wireless Charging Case (2nd generation),Apple,948.66,179,Electronics
884PGQS2KX,Alienware Pro Gaming Mouse,Alienware,330.76,83,Electronics
0SMM4U70BW,Pixel 4 XL,Google,313.55,170,Electronics
UUK0Y8KOX1,Nike Air Max 720 818,Nike,361.61,155,Clothing
G60DTALQ57,Sony PlayStation 4 Pro with 4K,Sony,654.07,485,Electronics
HKO67H6KPT,Microsoft Dynamics GP,Microsoft,125.75,511,Electronics
WSPVB522WB,AirPods with Wireless Charging Case,Apple,637.58,450,Electronics
O32O0I4GRC,iPhone 11,Apple,188.65,488,Electronics
HNFJX8VV89,Rolex Datejust 28mm,Rolex,686.85,76,Clothing
PLCJQQ2OHT,iPhone 12,Apple,206.4,548,Electronics
YXN8GUN1ZI,Bose QuietComfort 35 II,Bose,347.02,115,Electronics
71WAE582IA,Infinix Smart 3,Infinix,386.22,608,Electronics
MSXI71EFSA,Prada sunglasses,Prada,683.81,348,Clothing
LO1NZ568J4,Rolex Datejust 31mm,Rolex,208.86,444,Clothing
X36WQPXGAS,Tecno Spark 6,Tecno,883.45,180,Electronics
S5CTEF2AMZ,"MacBook Pro (15-inch, 2011)",Apple,275.52,278,Electronics
AJ7YO7Y1GU,Balenciaga Arena 2,Balenciaga,994.52,443,Clothing
0ZSIPJG6WI,Transformer Mini T103HAF,Asus,581.87,18,Electronics
XAO5V7D46D,Microsoft Dynamics 365 Layout,Microsoft,134.28,664,Electronics
KUT8INPWI8,Microsoft SharePoint,Microsoft,813.92,383,Electronics
ITXK2BGJ2A,iPhone SE (2016),Apple,136.76,325,Electronics
1WD2NCVTCL,Infinix Zero 3,Infinix,199.58,0,Electronics
JKUUM8HSR5,Prada checked luggage,Prada,938.29,629,Clothing
QY8QNAGUBW,Chromebook R11 CB5-132T,Google,520.97,607,Electronics
2NVVJMCFZL,Adidas Ultraboost All Terrain,Adidas,221.39,674,Clothing
TKBJZP7F5U,Gucci Dionysus,Gucci,986.81,316,Clothing
BNCWMZJUJS,Infinix Smart 3,Infinix,426.71,159,Electronics
O6CUM0BRUK,Tecno Camon C7,Tecno,770.71,167,Electronics
3UWJ1Z5SR9,Microsoft Dynamics 365 Business Central,Microsoft,549.0,151,Electronics
GINL9VU8QN,HP Omen Desktop,HP,286.93,585,Electronics
M1ZU17PQ9Y,Sony PlayStation Messages,Sony,164.38,63,Electronics
GG9N0JNURY,Balenciaga Speed 4,Balenciaga,798.44,448,Clothing
BTI8O8P7TC,Sony PlayStation 5 with SSD and Ultra HD Blu-ray,Sony,620.32,596,Electronics
3A8HMXA09E,Transformer Pad TF300TL,Asus,558.05,431,Electronics
OPP8BZMEG7,Transformer Pad TF300TL,Asus,994.35,668,Electronics
4UXQKA4B6B,Coca-Cola,Coca Cola,249.22,420,Food
LRXPLK7F06,Transformer Book Flip TP550LD,Asus,609.71,343,Electronics
0HZX5HG9Q6,Adidas Ultraboost X All Terrain,Adidas,122.58,43,Clothing
GG3FCK56TX,Bose QuietComfort 35 II Noise Cancelling Bluetooth Earbuds,Bose,858.3,598,Electronics
92B3C3MA3Y,Alienware Aurora R10,Alienware,727.58,566,Electronics
LMZD6V3NC2,Rolex Submariner Gold,Rolex,175.15,679,Clothing
ZKZ33NHMKA,HP ProBook Gaming x2,HP,600.05,216,Electronics
HQW75ULVL2,Microsoft Dynamics SL,Microsoft,975.2,188,Electronics
MHEHS46W50,HP Envy x2,HP,809.39,262,Electronics
1IZZLBOZFO,HP ZBook Power x2,HP,794.98,628,Electronics
5KAG98O722,AirPods (1st generation),Apple,442.36,161,Electronics
WGJBMNAMPE,iPhone 4,Apple,653.47,617,Electronics
804E13U5BI,Transformer Book T100HA,Asus,597.92,111,Electronics
OU63FU67HL,Transformer Pad TF300TG,Asus,771.74,373,Electronics
IZCFJ5BKFZ,Transformer Book T100TAN,Asus,366.76,47,Electronics
X03ESHFXSZ,Prada mitten,Prada,633.29,219,Clothing
053WKGOYD3,Infinix Note 7,Infinix,908.29,145,Electronics
C37HW9WUJI,Gucci Monogram GG Supreme Velvet,Gucci,935.96,236,Clothing
VHLOFZHIWC,Galaxy S6,Samsung,992.21,54,Electronics
KG508FYQ13,Rolex Submariner Black,Rolex,487.83,312,Clothing
X3R21C9CJI,Sony PlayStation Remote Play for TV,Sony,302.49,35,Electronics
5KYMO9MKV5,Alienware X51 R3,Alienware,785.47,619,Electronics
HJX8WE1SL7,Alienware 17,Alienware,376.67,633,Electronics
92429CHQ8T,HP ProBook,HP,672.06,162,Electronics
5078F8K7KD,Alienware m17 R2,Alienware,328.81,304,Electronics
JIWVFY9HCL,Balenciaga Arena 3,Balenciaga,132.49,478,Clothing
Y9935QOM86,HP Stream Gaming x360,HP,555.46,82,Electronics
PSFDNPG7YR,Bose QuietComfort 35 Wireless Headphones,Bose,359.93,52,Electronics
CPX4S0AOFM,Adidas Ultraboost DNA,Adidas,252.47,467,Clothing
IAL6KZ422C,HP Omen x360,HP,520.78,312,Electronics
CSOAOL4XZJ,Infinix Zero 2,Infinix,908.0,44,Electronics
7G4E614TRA,Fanta Pineapple,Coca Cola,372.78,319,Food
VTK2A9NJ59,Balenciaga Track Trainer,Balenciaga,441.87,291,Clothing
BISL7TIA9H,Diet Coke,Coca Cola,600.62,374,Food
A4ICLDXNYU,Alienware 17 R3,Alienware,532.72,630,Electronics
LCY2LNI0XO,AirPods with Wireless Charging Case,Apple,211.77,418,Electronics
TW40PRR2SJ,Transformer Book Flip TP300LA,Asus,809.28,234,Electronics
7GVKV4CKJA,Sony PlayStation Store,Sony,568.84,314,Electronics
TCQ6AV1HBL,Balenciaga Track High 2,Balenciaga,627.17,172,Clothing
1NGOLGZF34,Transformer Pad TF300T,Asus,459.11,216,Electronics
ZTIXIWY4MP,Adidas Ultraboost X Carbon,Adidas,543.0,508,Clothing
5E8BF36T1Q,iPhone 11,Apple,662.69,211,Electronics
FAQS6P5AJ1,ZenFone 5,Asus,910.8,99,Electronics
NXNZMTUI0K,HP Envy x2,HP,152.09,676,Electronics
6WKWLZVP51,Pixel 7,Google,957.02,124,Electronics
TTI8C4E9V7,Coca-Cola with Ginger,Coca Cola,994.13,2,Food
OHQT9PAMKZ,Galaxy Tab S7,Samsung,420.25,295,Electronics
64R8081MP5,Gucci Tian,Gucci,386.55,77,Clothing
447I3QNAQR,Sony PlayStation Remote Play for Chromebook,Sony,298.27,217,Electronics
W8UEOLU0IL,Transformer Book Flip TP550LJ,Asus,379.43,455,Electronics
GQFB8YR7RH,Galaxy S,Samsung,827.68,398,Electronics
QWE5A791ZM,Gucci Monogram GG Supreme Tiger Head,Gucci,158.79,366,Clothing
UEKM725DJG,Microsoft Dynamics NAV,Microsoft,604.01,175,Electronics
NAQO2ZVQLP,Gucci Vintage Web,Gucci,803.31,28,Clothing
FFAQIVN4BU,ZenFone 8 Flip,Asus,723.69,229,Electronics
MLYQZ22362,"MacBook Pro (15-inch, 2019)",Apple,992.16,288,Electronics
AL632FLJ2B,HP Spectre x2,HP,704.33,31,Electronics
XTA91EKNPQ,Prada perfume,Prada,284.09,612,Clothing
2P6WQ1WELN,Transformer Mini T102HA,Asus,858.95,366,Electronics
0MYCCRQM9G,Nike Air Max Tailwind 5+,Nike,245.56,161,Clothing
QN9CUEANPP,Prada glove,Prada,131.36,183,Clothing
WAHLGPNH1L,Balenciaga Track 3,Balenciaga,689.14,463,Clothing
0BLQHS2K2U,"MacBook Pro (13-inch, 2017)",Apple,287.8,694,Electronics
E9JIH73EBA,Gucci GG Supreme,Gucci,978.0,55,Clothing
779AKDVOII,Microsoft Dynamics,Microsoft,934.76,615,Electronics
2BL83AE35U,HP Pavilion Gaming,HP,964.48,597,Electronics
82FXSZR2XP,Nike Air Max 270 React W,Nike,692.88,689,Clothing
4U97VVEBTI,HP Omen x360,HP,539.32,102,Electronics
6NIZ7KC2YE,Coca-Cola with Lemon,Coca Cola,355.15,138,Food
JBDMOLYYSQ,Sony PlayStation Video,Sony,691.33,504,Electronics
QUTK5X127K,Transformer Pad TF701T,Asus,923.36,212,Electronics
SF2PA8IUWE,Tommy Hilfiger Women's Logo T-Shirt,Tommy Hilfiger,345.47,689,Clothing
1MFZ178KC0,Sony PlayStation 5 with SSD and Ultra HD Blu-ray and HDR,Sony,439.62,125,Electronics
1DVDHVQ0PZ,ZenFone 6,Asus,692.72,198,Electronics
UQQ1RBT973,Microsoft HoloLens,Microsoft,330.64,586,Electronics
RGT619C7MB,Pixel 6+,Google,413.98,218,Electronics
GEV5FXPBGC,Nike Air Max 95,Nike,613.55,5,Clothing
213MOP4PEE,Tecno Boom J8,Tecno,767.38,17,Electronics
DS7MPW4YO6,HP Chromebook x2,HP,967.81,247,Electronics
Q2642VM22D,Pixel 3a,Google,757.52,300,Electronics
IBLQOGOAI2,Prada rain boot,Prada,694.24,170,Clothing
XW57HZV6HX,Balenciaga Track Field 4,Balenciaga,701.36,485,Clothing
HLN9A609VV,Fanta,Coca Cola,819.55,158,Food
277B5JE5HX,Transformer Pad TF201T,Asus,712.65,677,Electronics
RS5O34B2LY,Prada mitten,Prada,483.45,74,Clothing
J6R1X57ILG,HP Chromebook,HP,983.04,140,Electronics
QA79ZOXC3W,Microsoft Azure,Microsoft,501.92,285,Electronics
H8DOB6IT0N,Rolex Submariner Blue,Rolex,848.94,633,Clothing
787I1HUXQ2,Gucci Ophidia,Gucci,224.42,662,Clothing
F831W19M0A,Nike Air Max Tailwind 5,Nike,738.24,152,Clothing
VL8MWO3LLR,"MacBook Pro (13-inch, 2016)",Apple,461.72,127,Electronics
JH7SYQG922,Alienware M11x R2,Alienware,630.62,301,Electronics
FF1SLRETRN,Prada jacket,Prada,258.78,398,Clothing
0THPQW5DBI,Gucci Interlocking G,Gucci,199.0,512,Clothing
EEL483ADZ7,HP EliteBook Gaming,HP,599.9,294,Electronics
N4B2XRQZN9,Prada pajama,Prada,913.94,78,Clothing
RZDCKBQFOZ,HP ProDesktop,HP,394.25,322,Electronics
LCR4JFDTJS,HP Chromebook Gaming,HP,121.82,432,Electronics
VGTKT4YB6V,Balenciaga Track Pant 4,Balenciaga,847.09,637,Clothing
Q8D24TZA4K,Adidas Ultraboost X 3D,Adidas,149.16,221,Clothing
Y14MEZ7FDN,"MacBook Pro (13-inch, 2013)",Apple,824.24,242,Electronics
IE0ZL3PA6W,HP ZBook Studio x2,HP,513.24,300,Electronics
T9RLGYYMIG,Sony PlayStation Portable,Sony,513.55,677,Electronics
FZGWMWJ8DK,Alienware Aurora R8,Alienware,375.54,558,Electronics
WI44FW897P,Balenciaga Track High 2,Balenciaga,820.97,682,Clothing
G16Q1HNCPJ,Prada glove,Prada,355.7,418,Clothing
8ERTX4NC2V,Sony PlayStation Remote Play for PS5,Sony,827.88,616,Electronics
JX4X576DHL,Bose QuietComfort 35 Noise Cancelling Bluetooth Earphones,Bose,478.21,364,Electronics
9VAMSA6T5R,Galaxy S20 Ultra,Samsung,817.48,426,Electronics
FFN5UUNOM1,MacBook (2018),Apple,602.6,322,Electronics
6OMA80ZXTZ,Bose QuietComfort 35 II Noise Cancelling Bluetooth Headset,Bose,190.99,430,Electronics
7BLYGMIMO5,iPhone 14 Pro Max,Apple,537.69,601,Electronics
HYRI1WG364,Microsoft Dynamics 365 Layout,Microsoft,801.61,202,Electronics
EACIKF2UPA,Infinix Hot 10 Play,Infinix,612.22,579,Electronics
8JVNGRBUWC,Galaxy Tab E,Samsung,594.62,672,Electronics
MU9O24M6FF,Bose QuietComfort 35 II,Bose,360.92,688,Electronics
ISSIR02WJM,Rolex Day-Date,Rolex,370.89,549,Clothing
6QD63CHNNJ,Pixel 6+,Google,139.06,233,Electronics
5CLH1SCPH1,Adidas Ultraboost S&L,Adidas,677.37,576,Clothing
RFTDD9N0MS,HP ProBook Gaming 440,HP,234.48,190,Electronics
EOUP6EZGCQ,"MacBook Pro (15-inch, 2008)",Apple,123.8,251,Electronics
OHNJ5AG0I0,Transformer Book Flip TP550LJ,Asus,797.01,316,Electronics
52SOYYOD9H,Chromebook XE500C21,Google,455.62,526,Electronics
Z9VAFBD3TF,Gucci Monogram GG Supreme Blooms,Gucci,610.3,561,Clothing
DJZILJA9S2,Sony PlayStation 4 Pro,Sony,356.34,616,Electronics
9KN534152Q,HP Omen Desktop Mini,HP,567.29,354,Electronics
GDFIYDL6RJ,Transformer Pad Infinity TF700,Asus,553.55,605,Electronics
YU0DVY206G,Schweppes Mandarin Juice,Coca Cola,305.01,181,Food
WVOYPTZ8CT,Fanta Peach,Coca Cola,141.6,576,Food
DY96444MB5,Balenciaga Track Jacket 4,Balenciaga,217.03,491,Clothing
5DTO26JA52,Tommy Hilfiger Women's Logo Jacket,Tommy Hilfiger,798.68,458,Clothing
IMDPJIW3T7,AirPods with Wireless Charging Case,Apple,496.06,640,Electronics
RR5MMBENMP,AirPods Max (1st generation),Apple,150.44,7,Electronics
QUDP57DRJZ,"MacBook Pro (15-inch, 2015)",Apple,721.66,522,Electronics
W709126JHQ,Microsoft Dynamics 365 Customer Insights,Microsoft,682.74,290,Electronics
ZELG9SLPPZ,Prada garment bag,Prada,475.76,47,Clothing
NUIAYYT24S,Balenciaga Track Mid 4,Balenciaga,287.07,362,Clothing
I8R3HED2RW,Rolex Datejust 36,Rolex,467.7,174,Clothing
B48985MOFY,iPhone XS,Apple,362.72,522,Electronics
Q2ZOVGKA77,Prada blouse,Prada,339.32,117,Clothing
YGZV5C0T7G,Nike Air Max 270 RT,Nike,972.88,175,Clothing
E3J5W1FLN2,iPhone 8,Apple,412.68,29,Electronics
EXR8IF37IH,Schweppes Lemon Juice,Coca Cola,142.62,267,Food
VJMQ6M01D2,Sony PlayStation Remote Play for TV,Sony,736.71,569,Electronics
C8H584LV3O,Prada shoulder bag,Prada,446.8,112,Clothing
67LZX23SIB,Chromebook XE500C21,Google,680.32,593,Electronics
OGFM64O86O,Alienware Alpha ASM100,Alienware,420.15,187,Electronics
Q8PXPN4713,AirPods with Charging Case (2nd generation),Apple,750.66,670,Electronics
94R2V6LRNA,Tecno Camon C5,Tecno,296.15,209,Electronics
PWBOCBEIC3,Balenciaga Track High 3,Balenciaga,381.98,465,Clothing
7GZUB3FH9B,Adidas Ultraboost 21,Adidas,316.27,0,Clothing
HX68UO85KY,Infinix Hot 6 Pro,Infinix,193.45,699,Electronics
BTYETHNY57,Rolex Sky-Dweller,Rolex,659.04,245,Clothing
31SB1NII4M,Rolex Submariner Yellow Gold,Rolex,340.7,525,Clothing
M7QRCAAM36,Infinix Smart 5,Infinix,360.27,210,Electronics
1OPGZPCXMO,Fanta Pineapple,Coca Cola,477.42,249,Food
XL8MB092HZ,Galaxy Tab E,Samsung,603.72,146,Electronics
TC7ME50Z78,Prada cologne,Prada,617.99,41,Clothing
DVCFVNP4E5,Balenciaga Speed,Balenciaga,791.0,59,Clothing
6COUT0I0OE,Galaxy Z Fold 2,Samsung,677.72,15,Electronics
BFH5QIXLSN,Transformer Book Flip TP500LA,Asus,683.75,688,Electronics
86HNZNPHK4,Gucci GG Supreme,Gucci,839.61,399,Clothing
9RHHJRNFV2,Balenciaga Track Mid 4,Balenciaga,942.08,2,Clothing
A9CO1D4WM5,Barq's Floatz,Coca Cola,821.96,30,Food
8ICV3VBANC,iPhone 13 Pro,Apple,498.29,29,Electronics
8HITFRYFFQ,Balenciaga Arena,Balenciaga,398.75,687,Clothing
V5K3HLZCIC,Alienware 17 R5,Alienware,917.15,540,Electronics
9J7FWAJ7DM,MacBook (2012),Apple,470.22,298,Electronics
5FGUUW8MNQ,ZenFone 3 Ultra,Asus,732.87,297,Electronics
RGODZPG6DP,Nike Air Max Tailwind 10,Nike,543.18,219,Clothing
JQYDULN3OQ,Bose QuietComfort 35 II Noise Cancelling Bluetooth Headset,Bose,104.65,674,Electronics
XGKEXX1O5W,Gucci Monogram GG Supreme Blooms,Gucci,899.69,308,Clothing
YJ08ZTA7PN,iPhone 12 Pro,Apple,665.74,315,Electronics
NZ2RJLEORT,HP Pavilion Gaming x2,HP,407.56,517,Electronics
4NVXP3RT65,Rolex Cellini,Rolex,369.88,609,Clothing
WDYQQEU5MV,Microsoft Skype,Microsoft,628.71,599,Electronics
LBI4W7QNNK,Rolex Submariner Ceramic,Rolex,361.57,109,Clothing
BFFC816OM6,Alienware M11x R3,Alienware,624.47,571,Electronics
BHKY9T1ERH,HP Envy Desktop,HP,637.47,637,Electronics
RNYOCSIUBZ,Nike Air Max 720 G,Nike,967.64,115,Clothing
FJ3ANYF5M8,HP Chromebook,HP,224.61,90,Electronics
8R3PHRC7IK,AirPods (2nd generation),Apple,437.89,70,Electronics
34M2AH1APC,Chromebook R11,Google,100.86,699,Electronics
IKEAVLI433,Rolex Datejust Steel,Rolex,697.15,186,Clothing
0AO599DGOO,Tommy Hilfiger Men's Logo Joggers,Tommy Hilfiger,686.25,490,Clothing
C0Q0IEEPMR,Prada sleepwear,Prada,614.17,395,Clothing
WZMY697C6K,Fanta Orange,Coca Cola,796.65,653,Food
CJDTUXBFXB,HP Envy x360,HP,533.46,177,Electronics
TD25EKGQ2M,Sony PlayStation Video,Sony,679.53,403,Electronics
SI6H3QE61S,Transformer Book Flip TP300LA,Asus,867.3,148,Electronics
1OVCHM7YU3,Nike Air Max 720 818,Nike,703.74,689,Clothing
ZFZ8IU50UV,Alienware Graphics Amplifier R2,Alienware,382.4,511,Electronics
FH45HGM4A6,Gucci Monogram Supreme,Gucci,475.69,19,Clothing
DTBQ7WGFQL,Galaxy S10+,Samsung,776.61,334,Electronics
OQ0CDHPTVL,Adidas Ultraboost X S&L,Adidas,767.98,209,Clothing
XZCWVAKQC0,Microsoft Azure,Microsoft,156.62,419,Electronics
PLFVHOAAZT,Adidas Ultraboost X 3D Carbon,Adidas,316.63,473,Clothing
7OBQWTI2DK,Balenciaga Track Jacket 2,Balenciaga,619.84,276,Clothing
EEI5VGRPL2,HP ZDesktop,HP,347.17,165,Electronics
V6347CXMZI,Balenciaga Track Mid 4,Balenciaga,156.14,221,Clothing
BDQUSWRX8Z,Infinix Zero,Infinix,562.84,451,Electronics
2287KMMEE7,MacBook (2020),Apple,166.46,257,Electronics
M9HGSAWNYN,Nike Air Max Tailwind 7,Nike,454.3,352,Clothing
XC3HAX924C,Alienware Graphics Amplifier,Alienware,915.26,10,Electronics
33CC3GDGZ2,Alienware 15 R2,Alienware,639.5,364,Electronics
BFRFEGN5L9,Nike Air Max Tailwind IV,Nike,841.25,344,Clothing
W4N0LWBL4C,Balenciaga Track,Balenciaga,167.46,591,Clothing
LOWDAO8LGI,Tommy Hilfiger Men's Logo Jacket,Tommy Hilfiger,403.74,407,Clothing
H0NATIOUK0,HP ZBook Gaming Studio,HP,152.36,442,Electronics
56N9F5PH7J,AirPods with Wireless Charging Case (4th generation),Apple,598.7,677,Electronics
34WTGJMNKV,Tecno Phantom 7,Tecno,753.26,423,Electronics
UDNBP7RKYA,Chromebook C100,Google,120.22,321,Electronics
XB33U9JQ23,Tecno Pouvoir 3 Plus,Tecno,584.54,658,Electronics
DN5SDQ2P6K,"MacBook Pro (13-inch, 2016)",Apple,413.25,55,Electronics
KTSISC5YYL,Pixel 4 XL,Google,923.27,40,Electronics
YFFAL9Z8LA,Sony PlayStation 5 with Ultra HD Blu-ray and 4K and HDR,Sony,699.97,173,Electronics
8UCR8ZXWLE,Pixel 4 XL,Google,620.19,124,Electronics
9OQ16NT9K3,Schweppes Club Soda,Coca Cola,935.42,679,Food
U1PE0N6GLX,Tecno Phantom 9,Tecno,242.19,385,Electronics
OVETTGN9UN,Transformer Pad TF201T,Asus,305.09,220,Electronics
R5ZP7CEPXG,Alienware Elite Gaming Mouse,Alienware,689.98,25,Electronics
R9HTE2Y2ZR,Barq's,Coca Cola,402.44,359,Food
02JVP376G5,Pixel 4a,Google,237.84,522,Electronics
HID7QL8WTY,Tecno Phantom 6,Tecno,923.85,474,Electronics
T69W5BGH8M,Nike Air Max 90 Ultra,Nike,335.79,21,Clothing
HQH2OWGFHW,AirPods with Charging Case (1st generation),Apple,131.07,44,Electronics
BH6GHD3FKB,Rolex GMT-Master,Rolex,647.29,384,Clothing
BJ9VGGVQF6,Microsoft Excel,Microsoft,928.47,312,Electronics
TK52UF3WS9,Pixel 4a,Google,971.0,515,Electronics
7TPA4WZSY6,Nike Air Max 270 React SE,Nike,576.28,321,Clothing
5BA6M8CJP6,Gucci Monogram GG Supreme Bamboo,Gucci,305.87,294,Clothing
WEZZEE1QTF,Schweppes Ginger Ale,Coca Cola,604.97,466,Food
A5Q1F3UZAH,Adidas Ultraboost X,Adidas,268.15,315,Clothing
UJZRZWM8IX,iPhone 12 Pro Max,Apple,510.89,518,Electronics
OQARPDBEZG,ZenFone 7,Asus,116.88,347,Electronics
3FGAJUWC5E,HP Spectre Gaming x360,HP,478.11,364,Electronics
46GEZ2CDVK,Rolex Datejust 41mm,Rolex,178.32,82,Clothing
P7B0J2GAEA,Microsoft Dynamics 365 Layout,Microsoft,437.54,155,Electronics
Q5DH3PZLE4,Tecno Boom J5,Tecno,383.68,422,Electronics
WGUXOKD5VK,HP ZBook Gaming Power x2,HP,770.08,338,Electronics
OPWRW7GL5T,Nike Air Max Tailwind 8,Nike,499.63,236,Clothing
7B4T31Q1NZ,Sony PlayStation 4 with 4K,Sony,739.66,682,Electronics
C6AP9PYHOL,Prada cardholder,Prada,316.25,514,Clothing
3FF88RY85V,Bose QuietComfort 35 II Noise Cancelling Wireless Bluetooth Earphones,Bose,207.17,150,Electronics
3WGSUZE6N6,Microsoft Dynamics SL,Microsoft,627.4,656,Electronics
8H9433D4AP,Bose QuietComfort 35 II Noise Cancelling Wireless Bluetooth Earphones,Bose,178.55,413,Electronics
MCMOL9MZ5E,Pixel 4a (5G),Google,441.78,83,Electronics
ZVUGGNVVHB,Gucci GG Supreme,Gucci,182.01,649,Clothing
70JBOBVYJI,"MacBook Pro (15-inch, 2021)",Apple,631.53,39,Electronics
WZP21WH8V0,Microsoft Dynamics 365 Field Service,Microsoft,747.31,113,Electronics
ZU3TSAVULJ,Alienware 13 R2,Alienware,826.35,555,Electronics
SK3T0GI657,Tecno Camon C9,Tecno,853.39,378,Electronics
O5JDA8J0CW,Gucci Running G,Gucci,909.88,170,Clothing
EKS91BLGNO,Nike Air Max 90 L,Nike,603.42,118,Clothing
1FKV1JVN6X,Microsoft Visual Studio,Microsoft,819.3,386,Electronics
VHYGEN9MUL,Infinix S5,Infinix,323.85,443,Electronics
T3Y1363136,Transformer Book Flip TP200SA,Asus,740.96,554,Electronics
LJVMCDQWWS,HP Elite x2,HP,709.66,472,Electronics
V3G3FXWNFV,Prada sneaker,Prada,987.17,522,Clothing
9STFOSQPTE,Alienware Graphics Amplifier R2,Alienware,869.85,205,Electronics
UYFVM7LF1F,Nike Air Max 720,Nike,299.06,648,Clothing
F38PC63P4B,Nike Air Max Dia,Nike,207.69,396,Clothing
FR8WB6MOV7,Alienware 13 R2,Alienware,729.16,191,Electronics
ZSGR0N6IYZ,Microsoft Windows Server,Microsoft,134.95,588,Electronics
NWPD1DCLV5,Bose QuietComfort 35,Bose,929.84,385,Electronics
UQQ29MBPY3,Prada espadrille,Prada,210.73,294,Clothing
80O8JPG7UN,HP Spectre Gaming x2,HP,951.87,444,Electronics
I76HOQ6NAU,Gucci GG Blooms,Gucci,932.06,651,Clothing
E7X5FZLOEJ,ZenFone 6,Asus,654.08,456,Electronics
CS60K7UB66,Coca-Cola with Orange,Coca Cola,149.61,211,Food
PEXG1EU9HJ,Prada handbag,Prada,690.73,333,Clothing
FJKSNPD35O,Nike Air Max 90 L,Nike,515.72,451,Clothing
I8CUTK4S16,Nike Air Max 98,Nike,703.16,149,Clothing
JI0KIYSE70,Alienware Advanced Gaming Mouse,Alienware,106.35,47,Electronics
G9C8E38B4P,Balenciaga Track Mid 2,Balenciaga,532.26,109,Clothing
VBGLCIEZ46,Rolex Oyster Perpetual Cellini,Rolex,510.69,370,Clothing
SNZZMODNN4,Galaxy Note 10+,Samsung,194.4,162,Electronics
PDLDQI31XM,Sony PlayStation Classic,Sony,979.79,410,Electronics
W60GS3AJUI,Microsoft Windows,Microsoft,533.05,621,Electronics
R8H3QW1DTM,Galaxy S10e,Samsung,574.8,523,Electronics
KYRKZLEGGW,Infinix Zero 8,Infinix,118.78,662,Electronics
OMTACS856S,Transformer Pad TF300,Asus,276.5,27,Electronics
3AZEN4492P,Alienware 17 R2,Alienware,693.73,181,Electronics
45DQ3P7FI3,iPhone SE (2016),Apple,906.22,275,Electronics
2NPFM5G8RC,Bose QuietComfort 35 II Noise Cancelling Wireless Headphones,Bose,174.37,664,Electronics
G4XZBO8QY2,Sony PlayStation 5 with HDR,Sony,717.84,64,Electronics
PCW83YQTI9,HP Envy x2,HP,827.25,144,Electronics
C5V4871DP3,HP ZBook Fury x2,HP,540.72,337,Electronics
1QXD33LD6H,Prada suitcase,Prada,113.73,106,Clothing
DPCD71190L,Alienware X51,Alienware,380.68,251,Electronics
24VVZS6E1I,iPhone 11 Pro,Apple,549.31,421,Electronics
IVCSG17EQK,HP Omen Desktop,HP,347.69,622,Electronics
36QENMQQIK,Bose QuietComfort 35 Noise Cancelling Bluetooth Headphones,Bose,594.74,449,Electronics
